{"stats":{"minecraft:mined":{"minecraft:glass_pane":4,"zombie_extreme:wooden_barricades":2,"minecraft:crafting_table":1,"minecraft:spruce_trapdoor":1,"theabyss:bog_log_fungi":1,"minecraft:grass":4,"minecraft:oak_log":52,"minecraft:glass":2,"minecraft:oak_leaves":1},"minecraft:used":{"zombie_extreme:fireaxe":50,"minecraft:wooden_axe":1,"minecraft:apple":1,"minecraft:bread":5,"zombie_extreme:rotten_apple":1,"zombie_extreme:chips":1,"minecraft:wooden_sword":22,"minecraft:crafting_table":3,"zombie_extreme:soda":1,"tombstone:gift":2},"minecraft:picked_up":{"zombie_extreme:wooden_barricades":2,"minecraft:crafting_table":1,"minecraft:leather":5,"minecraft:bowl":1,"minecraft:porkchop":2,"minecraft:oak_log":51,"minecraft:brick":1,"zombie_extreme:dead_body":1,"zombie_extreme:green_apple":1,"minecraft:rotten_flesh":2,"minecraft:beef":7,"zombie_extreme:rotten_apple":1,"minecraft:bread":10,"minecraft:light_gray_wool":1,"minecraft:mutton":4,"minecraft:spruce_trapdoor":2,"minecraft:white_wool":2},"minecraft:crafted":{"minecraft:wooden_sword":2,"minecraft:oak_planks":36,"minecraft:crafting_table":3,"minecraft:stick":8,"minecraft:wooden_pickaxe":1,"minecraft:wooden_axe":1},"minecraft:killed_by":{"zombie_extreme:assasin_black_ops":1,"zombie_extreme:night_hunter":1,"born_in_chaos_v1:dread_hound":1,"zombie_extreme:crawler":1},"minecraft:killed":{"minecraft:sheep":3,"minecraft:pig":1,"born_in_chaos_v1:dread_hound":2,"zombie_extreme:infected":4,"zombie_extreme:infected_hazmat":1,"zombie_extreme:infected_police":1,"minecraft:cow":3},"minecraft:dropped":{"minecraft:bread":21,"zombie_extreme:soda_used":1,"minecraft:spruce_trapdoor":1,"tombstone:grave_key":1},"minecraft:custom":{"minecraft:time_since_rest":4465,"minecraft:sprint_one_cm":183181,"minecraft:damage_taken":1628,"minecraft:walk_one_cm":156634,"minecraft:mob_kills":15,"minecraft:drop":24,"minecraft:damage_dealt":2571,"minecraft:interact_with_crafting_table":7,"minecraft:fly_one_cm":150178,"minecraft:open_barrel":9,"minecraft:open_chest":18,"minecraft:play_one_minute":42617,"minecraft:crouch_one_cm":56,"minecraft:deaths":5,"minecraft:sneak_time":168,"minecraft:walk_under_water_one_cm":527,"minecraft:jump":603,"minecraft:leave_game":5,"minecraft:time_since_death":4735,"minecraft:walk_on_water_one_cm":4787,"minecraft:sleep_in_bed":2,"minecraft:climb_one_cm":427,"minecraft:fall_one_cm":12845}},"DataVersion":2586}