{"stats":{"minecraft:picked_up":{"minecraft:coal":4,"minecraft:cobblestone":10},"minecraft:custom":{"minecraft:jump":109,"minecraft:time_since_rest":4993,"minecraft:damage_dealt":20,"minecraft:damage_taken":375,"minecraft:play_one_minute":9037,"minecraft:leave_game":2,"minecraft:time_since_death":6114,"minecraft:sprint_one_cm":5449,"minecraft:walk_one_cm":50744,"minecraft:walk_on_water_one_cm":3856,"minecraft:deaths":1,"minecraft:sneak_time":24,"minecraft:walk_under_water_one_cm":3313,"minecraft:fall_one_cm":2059,"minecraft:fly_one_cm":4268},"minecraft:used":{"tombstone:gift":1,"minecraft:cobblestone":4}},"DataVersion":2586}