{"stats":{"minecraft:mined":{"minecraft:grass":1,"minecraft:oak_log":6,"minecraft:glass_pane":2,"minecraft:crafting_table":1},"minecraft:crafted":{"minecraft:wooden_sword":1,"minecraft:oak_planks":24,"minecraft:crafting_table":2,"minecraft:stick":4,"minecraft:wooden_axe":1},"minecraft:picked_up":{"minecraft:crafting_table":1,"minecraft:leather":3,"minecraft:beef":4,"zombie_extreme:rotten_apple":1,"minecraft:oak_log":6},"minecraft:custom":{"minecraft:open_chest":5,"minecraft:time_since_rest":1,"minecraft:play_one_minute":16020,"minecraft:damage_taken":440,"minecraft:sprint_one_cm":92857,"minecraft:walk_one_cm":43665,"minecraft:deaths":2,"minecraft:walk_under_water_one_cm":358,"minecraft:mob_kills":3,"minecraft:jump":305,"minecraft:damage_dealt":410,"minecraft:leave_game":3,"minecraft:time_since_death":175,"minecraft:walk_on_water_one_cm":2782,"minecraft:sleep_in_bed":1,"minecraft:interact_with_crafting_table":2,"minecraft:fall_one_cm":6065,"minecraft:fly_one_cm":86125},"minecraft:killed_by":{"zombie_extreme:crawler":1},"minecraft:killed":{"zombie_extreme:infected":1,"minecraft:cow":2},"minecraft:used":{"minecraft:wooden_axe":1,"zombie_extreme:chips":1,"minecraft:wooden_sword":6,"minecraft:apple":1,"minecraft:crafting_table":2,"tombstone:gift":2,"zombie_extreme:rotten_apple":1}},"DataVersion":2586}