{"stats":{"minecraft:mined":{"minecraft:glass_pane":4,"minecraft:crafting_table":1,"minecraft:grass":4,"minecraft:oak_log":45,"minecraft:glass":2,"minecraft:oak_leaves":1},"minecraft:crafted":{"minecraft:wooden_sword":2,"minecraft:oak_planks":28,"minecraft:crafting_table":2,"minecraft:stick":8,"minecraft:wooden_axe":1},"minecraft:picked_up":{"minecraft:crafting_table":1,"minecraft:leather":3,"minecraft:bowl":1,"minecraft:oak_log":44,"zombie_extreme:dead_body":1,"zombie_extreme:green_apple":1,"minecraft:rotten_flesh":2,"minecraft:beef":4,"zombie_extreme:rotten_apple":1,"minecraft:bread":10,"minecraft:spruce_trapdoor":1},"minecraft:custom":{"minecraft:time_since_rest":9422,"minecraft:sprint_one_cm":123345,"minecraft:damage_taken":968,"minecraft:walk_one_cm":100316,"minecraft:mob_kills":8,"minecraft:drop":23,"minecraft:damage_dealt":1650,"minecraft:fly_one_cm":94638,"minecraft:interact_with_crafting_table":4,"minecraft:open_barrel":9,"minecraft:open_chest":8,"minecraft:crouch_one_cm":56,"minecraft:play_one_minute":28020,"minecraft:deaths":3,"minecraft:sneak_time":168,"minecraft:walk_under_water_one_cm":527,"minecraft:jump":385,"minecraft:leave_game":3,"minecraft:walk_on_water_one_cm":4742,"minecraft:time_since_death":9916,"minecraft:sleep_in_bed":1,"minecraft:fall_one_cm":7236},"minecraft:dropped":{"minecraft:bread":21,"zombie_extreme:soda_used":1,"tombstone:grave_key":1},"minecraft:killed_by":{"born_in_chaos_v1:dread_hound":1,"zombie_extreme:crawler":1},"minecraft:killed":{"born_in_chaos_v1:dread_hound":2,"zombie_extreme:infected":2,"zombie_extreme:infected_hazmat":1,"zombie_extreme:infected_police":1,"minecraft:cow":2},"minecraft:used":{"zombie_extreme:fireaxe":27,"minecraft:wooden_axe":1,"minecraft:apple":1,"minecraft:bread":2,"zombie_extreme:rotten_apple":1,"zombie_extreme:chips":1,"minecraft:wooden_sword":22,"minecraft:crafting_table":2,"zombie_extreme:soda":1,"tombstone:gift":2}},"DataVersion":2586}