{"stats":{"minecraft:crafted":{"minecraft:wooden_sword":1,"minecraft:oak_planks":72,"minecraft:crafting_table":3,"minecraft:wooden_pickaxe":2,"minecraft:iron_sword":1,"minecraft:furnace":1,"minecraft:birch_planks":36,"minecraft:stone_axe":1,"minecraft:cooked_mutton":6,"minecraft:air":0,"minecraft:iron_axe":1,"minecraft:stick":20,"minecraft:iron_ingot":7,"minecraft:stone_pickaxe":2,"minecraft:stone_sword":1,"minecraft:white_bed":1},"minecraft:killed_by":{"minecraft:skeleton":3},"minecraft:dropped":{"minecraft:wheat_seeds":7,"minecraft:ink_sac":3},"minecraft:killed":{"minecraft:pig":4,"minecraft:spider":2,"minecraft:sheep":5,"minecraft:zombie":1,"minecraft:chicken":6,"minecraft:cow":2},"minecraft:custom":{"minecraft:interact_with_furnace":7,"minecraft:mob_kills":19,"minecraft:interact_with_crafting_table":9,"minecraft:play_one_minute":30023,"minecraft:leave_game":2,"minecraft:time_since_death":1375,"minecraft:sleep_in_bed":1,"minecraft:time_since_rest":1402,"minecraft:sprint_one_cm":104022,"minecraft:damage_taken":4085,"minecraft:walk_one_cm":73243,"minecraft:drop":8,"minecraft:damage_dealt":1966,"minecraft:swim_one_cm":8979,"minecraft:fly_one_cm":117288,"minecraft:deaths":7,"minecraft:sneak_time":258,"minecraft:walk_under_water_one_cm":3733,"minecraft:jump":842,"minecraft:walk_on_water_one_cm":16578,"minecraft:fall_one_cm":47944},"minecraft:mined":{"minecraft:white_bed":1,"minecraft:grass_block":19,"minecraft:tall_grass":10,"minecraft:birch_log":9,"minecraft:iron_ore":7,"minecraft:bee_nest":1,"minecraft:grass":71,"minecraft:oak_log":18,"minecraft:dirt":11,"minecraft:stone":28,"minecraft:oak_leaves":20},"minecraft:used":{"minecraft:cooked_mutton":3,"minecraft:water_bucket":10,"minecraft:stone_sword":24,"minecraft:birch_planks":8,"minecraft:stone_pickaxe":16,"minecraft:oak_planks":24,"minecraft:wooden_pickaxe":40,"minecraft:iron_sword":24,"minecraft:dirt":24,"minecraft:crafting_table":3,"minecraft:white_bed":2,"minecraft:apple":1,"minecraft:wooden_sword":14,"minecraft:cobblestone":4,"minecraft:furnace":1,"minecraft:oak_sapling":1,"minecraft:bucket":10},"minecraft:picked_up":{"minecraft:birch_log":9,"minecraft:feather":16,"minecraft:chicken":10,"minecraft:water_bucket":2,"minecraft:leather":2,"minecraft:wooden_pickaxe":2,"minecraft:birch_planks":8,"minecraft:oak_log":18,"minecraft:gunpowder":1,"minecraft:dirt":53,"minecraft:string":1,"minecraft:iron_axe":2,"minecraft:cooked_mutton":6,"minecraft:apple":1,"minecraft:wheat_seeds":18,"minecraft:stone_pickaxe":2,"minecraft:beef":4,"minecraft:iron_ingot":4,"minecraft:iron_ore":7,"minecraft:poppy":1,"minecraft:iron_pickaxe":2,"minecraft:oak_planks":6,"minecraft:iron_sword":2,"minecraft:egg":3,"minecraft:stick":2,"minecraft:porkchop":18,"minecraft:ink_sac":3,"minecraft:white_bed":1,"minecraft:gray_wool":1,"minecraft:oak_sapling":1,"minecraft:black_wool":3,"minecraft:mutton":12,"minecraft:white_wool":3,"minecraft:cobblestone":28}},"DataVersion":2586}