{"stats":{"minecraft:crafted":{"minecraft:oak_planks":24,"minecraft:birch_planks":8},"minecraft:killed_by":{"minecraft:skeleton":1},"minecraft:custom":{"minecraft:time_since_rest":1031,"minecraft:play_one_minute":6518,"minecraft:deaths":2,"minecraft:sprint_one_cm":22307,"minecraft:damage_taken":530,"minecraft:walk_one_cm":16690,"minecraft:sneak_time":14,"minecraft:walk_under_water_one_cm":994,"minecraft:jump":227,"minecraft:damage_dealt":113,"minecraft:walk_on_water_one_cm":405,"minecraft:time_since_death":985,"minecraft:swim_one_cm":2069,"minecraft:fall_one_cm":6974,"minecraft:fly_one_cm":19253},"minecraft:used":{"minecraft:dirt":11,"minecraft:birch_planks":8,"minecraft:oak_sapling":1,"minecraft:oak_planks":24},"minecraft:mined":{"minecraft:grass":1,"minecraft:grass_block":10,"minecraft:oak_log":6,"minecraft:birch_log":2,"minecraft:oak_leaves":20},"minecraft:picked_up":{"minecraft:birch_log":2,"minecraft:birch_planks":8,"minecraft:oak_log":6,"minecraft:oak_sapling":1,"minecraft:dirt":11}},"DataVersion":2586}