{"stats":{"minecraft:mined":{"minecraft:crafting_table":1,"minecraft:spruce_trapdoor":1,"minecraft:granite":1,"minecraft:grass_block":3,"minecraft:oak_log":3,"minecraft:dirt":3,"zombie_extreme:dead_body":1,"minecraft:stone":11,"minecraft:oak_leaves":3},"minecraft:crafted":{"minecraft:oak_planks":12,"minecraft:crafting_table":1,"minecraft:stick":8,"minecraft:stone_pickaxe":1,"minecraft:wooden_pickaxe":1,"minecraft:stone_sword":1},"minecraft:picked_up":{"minecraft:crafting_table":1,"minecraft:oak_log":4,"minecraft:brick":1,"minecraft:dirt":6,"minecraft:rotten_flesh":2,"minecraft:granite":1,"minecraft:bread":21,"minecraft:cobblestone":11,"minecraft:egg":3},"minecraft:custom":{"minecraft:time_since_rest":7898,"minecraft:sprint_one_cm":77187,"minecraft:damage_taken":1213,"minecraft:walk_one_cm":27849,"minecraft:mob_kills":1,"minecraft:drop":10,"minecraft:damage_dealt":453,"minecraft:interact_with_crafting_table":3,"minecraft:swim_one_cm":1503,"minecraft:fly_one_cm":82810,"minecraft:open_barrel":2,"minecraft:open_chest":1,"minecraft:play_one_minute":14598,"minecraft:deaths":3,"minecraft:sneak_time":11,"minecraft:walk_under_water_one_cm":3081,"minecraft:jump":302,"minecraft:walk_on_water_one_cm":6737,"minecraft:time_since_death":8881,"minecraft:fall_one_cm":5654},"minecraft:dropped":{"minecraft:bread":10},"minecraft:killed_by":{"zombie_extreme:infected_military":1,"zombie_extreme:chainsaw":1,"minecraft:pillager":1},"minecraft:used":{"minecraft:stone_sword":1,"minecraft:bread":4,"minecraft:wooden_pickaxe":15,"minecraft:dirt":2,"minecraft:cobblestone":2,"minecraft:crafting_table":2},"minecraft:killed":{"zombie_extreme:chainsaw":1}},"DataVersion":2586}