{"stats":{"minecraft:used":{"minecraft:oak_log":3,"minecraft:stone_sword":49,"minecraft:stone_pickaxe":64,"minecraft:bread":10,"minecraft:wooden_pickaxe":54,"tombstone:grave_key":4,"minecraft:stone_axe":6,"minecraft:torch":3,"minecraft:dirt":2,"minecraft:cobblestone":4,"minecraft:crafting_table":3,"minecraft:white_bed":1,"tombstone:gift":2},"minecraft:killed_by":{"zombie_extreme:infected_military":2,"born_in_chaos_v1:firelight_n":1,"zombie_extreme:infected":1,"zombie_extreme:chainsaw":1,"minecraft:pillager":1,"zombie_extreme:military":1},"minecraft:crafted":{"minecraft:oak_planks":24,"minecraft:crafting_table":1,"minecraft:stick":16,"minecraft:wooden_pickaxe":2,"minecraft:stone_pickaxe":2,"minecraft:stone_sword":1,"minecraft:white_bed":1,"minecraft:torch":4,"minecraft:stone_axe":1},"minecraft:picked_up":{"minecraft:crafting_table":2,"minecraft:leather":2,"minecraft:porkchop":7,"minecraft:oak_log":11,"minecraft:diorite":1,"tombstone:grave_dust":1,"minecraft:brick":2,"minecraft:dirt":7,"minecraft:rotten_flesh":2,"born_in_chaos_v1:fire_dust":2,"minecraft:wheat_seeds":1,"minecraft:granite":1,"minecraft:beef":1,"zombie_extreme:rotten_apple":1,"minecraft:bread":21,"minecraft:light_gray_wool":2,"minecraft:oak_sapling":1,"minecraft:coal":40,"minecraft:mutton":10,"minecraft:egg":3,"minecraft:white_wool":5,"minecraft:cobblestone":73,"minecraft:sunflower":1},"minecraft:killed":{"zombie_extreme:chainsaw":1,"minecraft:sheep":7,"minecraft:pig":3,"zombie_extreme:infected":2,"born_in_chaos_v1:firelight_n":1,"minecraft:cow":1},"minecraft:dropped":{"minecraft:bread":10,"tombstone:grave_key":1,"tombstone:grave_dust":1},"minecraft:mined":{"minecraft:crafting_table":2,"minecraft:spruce_trapdoor":1,"minecraft:granite":1,"minecraft:grass":7,"minecraft:grass_block":4,"minecraft:coal_ore":40,"minecraft:oak_log":10,"minecraft:sunflower":1,"minecraft:dirt":3,"zombie_extreme:dead_body":1,"minecraft:stone":73,"minecraft:diorite":1,"minecraft:oak_leaves":4},"minecraft:custom":{"minecraft:time_since_rest":4918,"minecraft:sprint_one_cm":144408,"minecraft:damage_taken":2993,"minecraft:walk_one_cm":65755,"minecraft:mob_kills":15,"minecraft:drop":12,"minecraft:damage_dealt":1947,"minecraft:swim_one_cm":2121,"minecraft:interact_with_crafting_table":7,"minecraft:fly_one_cm":169011,"minecraft:open_chest":2,"minecraft:open_barrel":2,"minecraft:play_one_minute":34320,"minecraft:deaths":8,"minecraft:sneak_time":14,"minecraft:walk_under_water_one_cm":3503,"minecraft:jump":717,"minecraft:leave_game":6,"minecraft:time_since_death":5126,"minecraft:walk_on_water_one_cm":10439,"minecraft:sleep_in_bed":1,"minecraft:climb_one_cm":1296,"minecraft:fall_one_cm":14540}},"DataVersion":2586}