{"stats":{"minecraft:mined":{"minecraft:crafting_table":2,"minecraft:spruce_trapdoor":1,"minecraft:granite":1,"minecraft:grass":7,"minecraft:grass_block":4,"minecraft:oak_log":8,"minecraft:sunflower":1,"minecraft:dirt":3,"zombie_extreme:dead_body":1,"minecraft:stone":27,"minecraft:oak_leaves":4},"minecraft:crafted":{"minecraft:oak_planks":16,"minecraft:crafting_table":1,"minecraft:stick":8,"minecraft:wooden_pickaxe":1,"minecraft:stone_pickaxe":1,"minecraft:stone_sword":1,"minecraft:white_bed":1,"minecraft:stone_axe":1},"minecraft:picked_up":{"minecraft:crafting_table":2,"minecraft:leather":2,"minecraft:porkchop":7,"minecraft:oak_log":9,"minecraft:brick":2,"minecraft:dirt":7,"minecraft:rotten_flesh":2,"born_in_chaos_v1:fire_dust":2,"minecraft:wheat_seeds":1,"minecraft:granite":1,"minecraft:beef":1,"zombie_extreme:rotten_apple":1,"minecraft:bread":21,"minecraft:light_gray_wool":2,"minecraft:oak_sapling":1,"minecraft:mutton":10,"minecraft:egg":3,"minecraft:white_wool":5,"minecraft:cobblestone":27,"minecraft:sunflower":1},"minecraft:custom":{"minecraft:time_since_rest":1349,"minecraft:sprint_one_cm":118032,"minecraft:damage_taken":2313,"minecraft:walk_one_cm":51552,"minecraft:mob_kills":15,"minecraft:drop":10,"minecraft:damage_dealt":1947,"minecraft:swim_one_cm":2121,"minecraft:interact_with_crafting_table":4,"minecraft:fly_one_cm":140682,"minecraft:open_chest":2,"minecraft:open_barrel":2,"minecraft:play_one_minute":26360,"minecraft:deaths":6,"minecraft:sneak_time":11,"minecraft:walk_under_water_one_cm":3503,"minecraft:jump":590,"minecraft:leave_game":5,"minecraft:time_since_death":1654,"minecraft:walk_on_water_one_cm":10439,"minecraft:sleep_in_bed":1,"minecraft:climb_one_cm":1079,"minecraft:fall_one_cm":12170},"minecraft:dropped":{"minecraft:bread":10},"minecraft:killed_by":{"zombie_extreme:infected_military":1,"born_in_chaos_v1:firelight_n":1,"zombie_extreme:infected":1,"zombie_extreme:chainsaw":1,"minecraft:pillager":1},"minecraft:used":{"minecraft:oak_log":3,"minecraft:stone_sword":49,"minecraft:stone_pickaxe":16,"minecraft:bread":8,"minecraft:wooden_pickaxe":15,"tombstone:grave_key":3,"minecraft:stone_axe":6,"minecraft:dirt":2,"minecraft:cobblestone":2,"minecraft:crafting_table":3,"minecraft:white_bed":1},"minecraft:killed":{"zombie_extreme:chainsaw":1,"minecraft:sheep":7,"minecraft:pig":3,"zombie_extreme:infected":2,"born_in_chaos_v1:firelight_n":1,"minecraft:cow":1}},"DataVersion":2586}