{"stats":{"minecraft:mined":{"minecraft:grass_block":1,"minecraft:dirt":1},"minecraft:picked_up":{"minecraft:dirt":2,"minecraft:egg":3},"minecraft:custom":{"minecraft:jump":83,"minecraft:time_since_rest":1120,"minecraft:damage_dealt":10,"minecraft:deaths":1,"minecraft:play_one_minute":2598,"minecraft:walk_on_water_one_cm":2359,"minecraft:sprint_one_cm":23200,"minecraft:damage_taken":485,"minecraft:time_since_death":1569,"minecraft:walk_one_cm":3586,"minecraft:walk_under_water_one_cm":2619,"minecraft:fall_one_cm":269,"minecraft:fly_one_cm":22051},"minecraft:killed_by":{"minecraft:pillager":1}},"DataVersion":2586}