{"stats":{"minecraft:crafted":{"minecraft:wooden_sword":1,"minecraft:oak_planks":64,"minecraft:crafting_table":2,"minecraft:stick":12,"minecraft:wooden_pickaxe":1,"minecraft:stone_pickaxe":1,"minecraft:stone_sword":1,"minecraft:birch_planks":8,"minecraft:stone_axe":1},"minecraft:killed_by":{"minecraft:skeleton":3},"minecraft:dropped":{"minecraft:ink_sac":3},"minecraft:killed":{"minecraft:zombie":1,"minecraft:chicken":4,"minecraft:spider":2,"minecraft:cow":2},"minecraft:custom":{"minecraft:time_since_rest":2162,"minecraft:sprint_one_cm":57232,"minecraft:damage_taken":1305,"minecraft:walk_one_cm":38415,"minecraft:mob_kills":8,"minecraft:drop":1,"minecraft:damage_dealt":1086,"minecraft:swim_one_cm":8979,"minecraft:interact_with_crafting_table":3,"minecraft:fly_one_cm":72065,"minecraft:play_one_minute":18285,"minecraft:deaths":5,"minecraft:sneak_time":251,"minecraft:walk_under_water_one_cm":3733,"minecraft:jump":580,"minecraft:leave_game":1,"minecraft:time_since_death":2106,"minecraft:walk_on_water_one_cm":11756,"minecraft:fall_one_cm":14400},"minecraft:mined":{"minecraft:birch_log":9,"minecraft:bee_nest":1,"minecraft:grass":18,"minecraft:grass_block":14,"minecraft:oak_log":16,"minecraft:dirt":3,"minecraft:stone":13,"minecraft:oak_leaves":20},"minecraft:used":{"minecraft:apple":1,"minecraft:stone_sword":24,"minecraft:birch_planks":8,"minecraft:oak_planks":24,"minecraft:wooden_pickaxe":21,"minecraft:wooden_sword":14,"minecraft:dirt":11,"minecraft:crafting_table":2,"minecraft:oak_sapling":1},"minecraft:picked_up":{"minecraft:birch_log":9,"minecraft:feather":4,"minecraft:chicken":4,"minecraft:leather":2,"minecraft:birch_planks":8,"minecraft:oak_log":16,"minecraft:ink_sac":3,"minecraft:gunpowder":1,"minecraft:dirt":40,"minecraft:string":1,"minecraft:apple":1,"minecraft:wheat_seeds":1,"minecraft:beef":4,"minecraft:oak_sapling":1,"minecraft:cobblestone":13}},"DataVersion":2586}