{"stats":{"minecraft:crafted":{"minecraft:wooden_sword":1,"minecraft:oak_planks":72,"minecraft:crafting_table":3,"minecraft:wooden_pickaxe":2,"minecraft:iron_sword":1,"minecraft:furnace":1,"minecraft:birch_planks":56,"minecraft:stone_axe":1,"minecraft:cooked_mutton":6,"minecraft:air":0,"minecraft:iron_axe":1,"minecraft:stick":20,"minecraft:iron_ingot":7,"minecraft:stone_pickaxe":2,"minecraft:stone_sword":1,"minecraft:white_bed":1},"minecraft:killed_by":{"minecraft:skeleton":3,"minecraft:elder_guardian":1,"minecraft:ender_dragon":3},"minecraft:dropped":{"minecraft:wheat_seeds":7,"minecraft:ink_sac":3},"minecraft:killed":{"minecraft:pig":4,"minecraft:spider":2,"minecraft:creeper":2,"minecraft:sheep":5,"minecraft:zombie":1,"minecraft:chicken":6,"minecraft:cow":3},"minecraft:custom":{"minecraft:interact_with_furnace":7,"minecraft:mob_kills":22,"minecraft:interact_with_crafting_table":9,"minecraft:play_one_minute":47496,"minecraft:leave_game":4,"minecraft:time_since_death":4050,"minecraft:sleep_in_bed":2,"minecraft:time_since_rest":4089,"minecraft:sprint_one_cm":177374,"minecraft:damage_absorbed":160,"minecraft:damage_taken":7835,"minecraft:walk_one_cm":105419,"minecraft:drop":8,"minecraft:damage_dealt":3000,"minecraft:swim_one_cm":11698,"minecraft:fly_one_cm":516512,"minecraft:crouch_one_cm":448,"minecraft:deaths":13,"minecraft:sneak_time":593,"minecraft:walk_under_water_one_cm":8301,"minecraft:jump":1265,"minecraft:walk_on_water_one_cm":33806,"minecraft:fall_one_cm":77599},"minecraft:mined":{"minecraft:white_bed":1,"minecraft:grass_block":19,"minecraft:poppy":2,"minecraft:rose_bush":2,"minecraft:tall_grass":13,"minecraft:oxeye_daisy":3,"minecraft:tall_seagrass":2,"minecraft:birch_log":14,"minecraft:iron_ore":7,"minecraft:birch_leaves":8,"minecraft:bee_nest":1,"minecraft:grass":126,"minecraft:oak_log":18,"minecraft:dirt":11,"minecraft:stone":28,"minecraft:oak_leaves":20},"minecraft:used":{"minecraft:cooked_mutton":6,"minecraft:water_bucket":13,"minecraft:stone_sword":24,"minecraft:birch_planks":14,"minecraft:stone_pickaxe":16,"minecraft:oak_planks":27,"minecraft:wooden_pickaxe":40,"minecraft:iron_sword":93,"minecraft:golden_apple":4,"minecraft:dirt":24,"minecraft:crafting_table":3,"minecraft:white_bed":2,"minecraft:apple":1,"minecraft:iron_axe":18,"minecraft:wooden_sword":14,"minecraft:cobblestone":4,"minecraft:beef":3,"minecraft:furnace":1,"minecraft:oak_sapling":1,"minecraft:bucket":13},"minecraft:picked_up":{"minecraft:birch_log":14,"minecraft:feather":36,"minecraft:chicken":20,"minecraft:water_bucket":6,"minecraft:leather":8,"minecraft:wooden_pickaxe":7,"minecraft:birch_planks":64,"minecraft:oak_log":18,"minecraft:gunpowder":4,"minecraft:dirt":53,"minecraft:string":1,"minecraft:iron_axe":7,"minecraft:cooked_mutton":6,"minecraft:apple":1,"minecraft:wheat_seeds":94,"minecraft:bucket":1,"minecraft:stone_pickaxe":7,"minecraft:beef":7,"minecraft:iron_ingot":14,"minecraft:iron_ore":7,"minecraft:rose_bush":10,"minecraft:poppy":18,"minecraft:iron_pickaxe":6,"minecraft:oak_planks":6,"minecraft:birch_sapling":5,"minecraft:iron_sword":6,"minecraft:egg":5,"minecraft:stick":7,"minecraft:porkchop":48,"minecraft:ink_sac":3,"minecraft:white_bed":1,"minecraft:golden_apple":9,"minecraft:gray_wool":1,"minecraft:oak_sapling":1,"minecraft:black_wool":6,"minecraft:mutton":18,"minecraft:white_wool":3,"minecraft:cobblestone":28,"minecraft:oxeye_daisy":9}},"DataVersion":2586}