{"stats":{"minecraft:crafted":{"minecraft:oak_planks":12,"minecraft:birch_planks":24},"minecraft:dropped":{"minecraft:dirt":2,"minecraft:birch_sapling":2},"minecraft:custom":{"minecraft:time_since_rest":5713,"minecraft:play_one_minute":5713,"minecraft:crouch_one_cm":3672,"minecraft:sprint_one_cm":24088,"minecraft:damage_taken":210,"minecraft:walk_one_cm":11548,"minecraft:sneak_time":695,"minecraft:drop":3,"minecraft:jump":177,"minecraft:damage_dealt":30,"minecraft:leave_game":1,"minecraft:time_since_death":5713,"minecraft:fall_one_cm":7699,"minecraft:fly_one_cm":19490},"minecraft:used":{"minecraft:dirt":4,"minecraft:birch_planks":24,"minecraft:oak_planks":12},"minecraft:mined":{"minecraft:grass":2,"minecraft:grass_block":2,"minecraft:oak_log":3,"minecraft:dirt":3,"minecraft:birch_log":6,"minecraft:birch_leaves":3,"minecraft:oak_leaves":7},"minecraft:picked_up":{"minecraft:birch_log":6,"minecraft:oak_log":3,"minecraft:birch_sapling":2,"minecraft:dirt":6}},"DataVersion":2586}