{"stats":{"minecraft:crafted":{"minecraft:oak_planks":8},"minecraft:picked_up":{"minecraft:oak_log":2,"minecraft:oak_sapling":2,"minecraft:sugar_cane":2,"minecraft:dirt":4},"minecraft:killed_by":{"minecraft:wolf":1},"minecraft:mined":{"minecraft:grass":2,"minecraft:grass_block":4,"minecraft:oak_log":2,"minecraft:sugar_cane":2,"minecraft:oak_leaves":6},"minecraft:custom":{"minecraft:time_since_rest":1,"minecraft:play_one_minute":4375,"minecraft:crouch_one_cm":245,"minecraft:deaths":1,"minecraft:sprint_one_cm":22303,"minecraft:damage_taken":240,"minecraft:walk_one_cm":5411,"minecraft:sneak_time":103,"minecraft:walk_under_water_one_cm":203,"minecraft:jump":203,"minecraft:damage_dealt":15,"minecraft:leave_game":1,"minecraft:time_since_death":291,"minecraft:walk_on_water_one_cm":609,"minecraft:fall_one_cm":9513,"minecraft:fly_one_cm":31836},"minecraft:used":{"minecraft:dirt":4,"minecraft:oak_sapling":2,"minecraft:oak_planks":8,"minecraft:sugar_cane":2}},"DataVersion":2586}