{"stats":{"minecraft:used":{"minecraft:wooden_pickaxe":31,"minecraft:stone_axe":10,"minecraft:crafting_table":3,"minecraft:furnace":1,"minecraft:cooked_beef":2},"minecraft:picked_up":{"minecraft:crafting_table":2,"minecraft:leather":4,"minecraft:porkchop":3,"minecraft:oak_log":5,"immersiveengineering:seed":1,"minecraft:wheat_seeds":1,"minecraft:beef":8,"minecraft:coal":3,"minecraft:cobblestone":14},"minecraft:crafted":{"minecraft:cooked_beef":2,"minecraft:oak_planks":20,"minecraft:crafting_table":1,"minecraft:stick":8,"minecraft:wooden_pickaxe":1,"minecraft:stone_pickaxe":1,"minecraft:furnace":1,"minecraft:stone_axe":1,"minecraft:air":0},"minecraft:killed":{"minecraft:pig":1,"minecraft:cow":4},"minecraft:dropped":{"minecraft:wheat_seeds":1,"immersiveengineering:seed":1},"minecraft:mined":{"minecraft:crafting_table":2,"minecraft:grass":8,"minecraft:oak_log":5,"minecraft:coal_ore":3,"minecraft:tall_grass":2,"minecraft:stone":15,"minecraft:oak_leaves":1},"minecraft:custom":{"minecraft:time_since_rest":7933,"minecraft:interact_with_furnace":3,"minecraft:sprint_one_cm":27424,"minecraft:damage_taken":220,"minecraft:walk_one_cm":12163,"minecraft:mob_kills":5,"minecraft:drop":2,"minecraft:damage_dealt":812,"minecraft:interact_with_crafting_table":3,"minecraft:fly_one_cm":36345,"minecraft:play_one_minute":7933,"minecraft:crouch_one_cm":5304,"minecraft:sneak_time":873,"minecraft:jump":198,"minecraft:time_since_death":7933,"minecraft:leave_game":1,"minecraft:walk_on_water_one_cm":621,"minecraft:fall_one_cm":8741}},"DataVersion":2586}