{"stats":{"minecraft:custom":{"minecraft:jump":291,"minecraft:time_since_rest":2276,"minecraft:leave_game":1,"minecraft:play_one_minute":5784,"minecraft:deaths":1,"minecraft:damage_taken":382,"minecraft:sprint_one_cm":23146,"minecraft:time_since_death":3300,"minecraft:walk_on_water_one_cm":1536,"minecraft:walk_one_cm":2834,"minecraft:sneak_time":3,"minecraft:walk_under_water_one_cm":716,"minecraft:swim_one_cm":2261,"minecraft:fall_one_cm":13865,"minecraft:fly_one_cm":53822},"minecraft:mined":{"minecraft:red_sand":1,"minecraft:dead_bush":25},"minecraft:used":{"minecraft:red_sand":1},"minecraft:picked_up":{"minecraft:stick":21,"minecraft:red_sand":1}},"DataVersion":2586}